DROP SCHEMA IF EXISTS webloom;
CREATE SCHEMA webloom;

USE webloom;

CREATE TABLE users(
userID int (20) UNIQUE,
username varchar(20) UNIQUE NOT NULL,
pass varchar(20) NOT NULL,
email varchar(20) UNIQUE NOT NULL,
lastname varchar(20) NOT NULL,
firstname varchar(20) NOT NULL,
gender varchar(20) NOT NULL,
role varchar(20) NOT NULL,

PRIMARY KEY (userID)
)ENGINE = INNODB;

CREATE TABLE programs(
programID int (20) UNIQUE,
programName varchar(50) NOT NULL,

PRIMARY KEY (programID)
)ENGINE = INNODB;

CREATE TABLE category (
categoryID INT NOT NULL UNIQUE,
categoryName varchar(100) NOT NULL,

PRIMARY KEY (categoryID)
)ENGINE = INNODB;


CREATE TABLE questions (
questionID int NOT NULL UNIQUE AUTO_INCREMENT,
categoryID int,
questionText varchar(500) NOT NULL,
questionType varchar(100) NOT NULL,

PRIMARY KEY (questionID),
FOREIGN KEY (categoryID) REFERENCES category(categoryID) ON DELETE CASCADE
)ENGINE = INNODB;

CREATE TABLE choices(
optionsID int NOT NULL AUTO_INCREMENT,
choice varchar(100),
questionID int,

PRIMARY KEY (optionsID),
FOREIGN KEY (questionID) REFERENCES questions(questionID) ON DELETE CASCADE
)ENGINE = INNODB;

CREATE TABLE questionnaires(
questionnaireID int(11) NOT NULL,
title varchar(100) NOT NULL,
questionID int NOT NULL, 
programID int NOT NULL,
evalautionPeriod varchar(50) NOT NULL,
publicationStatus varchar(50) NOT NULL,
datePublished date DEFAULT NULL,
expirationDate date DEFAULT NULL,

PRIMARY KEY (questionnaireID, questionID),
FOREIGN KEY (questionID) REFERENCES questions(questionID) ON DELETE CASCADE
)ENGINE = INNODB;

CREATE TABLE students(
studentID int NOT NULL UNIQUE,
userID int,
programID int,

PRIMARY KEY(studentID)
)ENGINE = INNODB;

CREATE TABLE responses(
responseID int NOT NULL AUTO_INCREMENT,
studentID int NOT NULL,
questionnaireID int NOT NULL,
responseDate date,

PRIMARY KEY (responseID),
FOREIGN KEY (questionnaireID) REFERENCES questionnaires(questionnaireID) ON DELETE CASCADE, 
FOREIGN KEY (studentID) REFERENCES students(studentID) ON DELETE CASCADE
)ENGINE = INNODB;

CREATE TABLE responseAnswer(
responseID int,
answer varchar(100),

FOREIGN KEY (responseID) REFERENCES responses(responseID) ON DELETE CASCADE
)ENGINE = INNODB;

INSERT INTO users(userID, username, pass, email, lastname, firstname, gender, role)
VALUES
(220001, 'dana', 'dana', 'dana@gmail.com', 'Binwag', 'Dana', 'Female', 'Student'), 
(220002, 'mark', 'mark', 'mark@yahoo.com', 'Bumacod', 'mark', 'Male', 'Student'), 
(220003, 'carl', 'carl', 'carl@gmail.com', 'Calsiman', 'Carl', 'Male', 'Student'), 
(220004, 'april', 'april', 'april@gmail.com', 'Cendana', 'April', 'Female', 'Student'),
(220005, 'christian', 'christian', 'christian@yahoo.com', 'Duculan', 'Christian', 'Male', 'Student'), 
(220006, 'marc', 'marc', 'marc@yahoo.com', 'Galvan', 'Marc', 'Male', 'Student'), 
(220007, 'john', 'john', 'john@gmail.com', 'Doe', 'John', 'Male', 'Student'), 
(220008, 'jane', 'jane', 'jane@yahoo.com', 'Doe', 'Jane', 'Male', 'Student'),
(200001, 'max', 'max', 'max@gmail.com', 'Sphyr', 'max', 'Male', 'Admin'), 
(200002, 'maks', 'maks', 'maks@gmail.com', 'Orubit', 'maks', 'Male', 'Admin');

INSERT INTO programs(programID, programName)
VALUES
(100, 'Computer Science'),
(200, 'Information Technology'),
(001, 'General');

INSERT INTO students(studentID, userID, programID)
VALUES
(2230003, 220002, 100),
(2234060, 220003, 100),
(2234073, 220001, 100),
(2233171, 220004, 100),
(2230714, 220006, 100),
(2191299, 220007, 200),
(2191300, 220008, 200),
(2191298, 220005, 200);

INSERT INTO category()
VALUES
(10, 'Academic Experience'),
(11, 'Campus Facilities'),
(12, 'Extracurricular Activities'),
(13, 'Mental Health and Wellbeing'),
(14, 'Career Services'),
(15, 'Diversity and Inclusion'),
(16, 'Online Learning Experiences'),
(17, 'Community and Social Life'),
(18, 'Feedback Communication'),
(19, 'Future Aspirations');

INSERT INTO questions(categoryID, questionText, questionType)
VALUES
(10, 'How well do you feel your coursework has prepared you for your career after graduation?', 'Likert Scale'),
(10, 'Were the teaching methods used in your courses effective in helping you achieve your academic goals?', 'Likert Scale'),
(10, 'How accessible were your instructors when you needed guidance during your studies?', 'Likert Scale'),
(10, 'How satisfied are you with the resources available for your final projects or thesis?', 'Likert Scale'),
(10, 'How helpful were the academic advising services in guiding you through your program?', 'Likert Scale'),
(10, 'How well did your coursework align with industry standards and expectations?', 'Likert Scale'),
(10, 'How often did you receive constructive feedback on your assignments?', 'Likert Scale'),
(10, 'How satisfied are you with the opportunities for hands-on learning in your courses?', 'Likert Scale'),
(10, 'How often did your instructors encourage critical thinking and problem-solving?', 'Likert Scale'),
(10, 'How effectively did your courses prepare you for teamwork and collaboration in a professional setting?', 'Likert Scale'),
(11, 'How satisfied are you with the adequacy of campus facilities (e.g., libraries, study spaces) for completing your final projects?', 'Likert Scale'),
(11, 'How would you rate the cleanliness of campus facilities?', 'Likert Scale'),
(11, 'How accessible are the technology resources (e.g., computers, software) needed for your coursework?', 'Likert Scale'),
(11, 'How satisfied are you with the recreational facilities (e.g., gyms, sports fields) available on campus?', 'Likert Scale'),
(11, 'How well-maintained do you find the classrooms and lecture halls?', 'Likert Scale'),
(11, 'How satisfied are you with the availability of quiet study spaces on campus?', 'Likert Scale'),
(11, 'How well do you think the campus facilities support your learning and research needs?', 'Likert Scale'),
(11, 'How satisfied are you with the availability of academic support resources (e.g., tutoring)?', 'Likert Scale'),
(11, 'How accessible do you find the campus transportation options?', 'Likert Scale'),
(11, 'How satisfied are you with the health and wellness facilities available to students?', 'Likert Scale'),
(12, 'How often did you participate in extracurricular activities during your time at school?', 'Multiple Choice'),
(12, 'Which type of extracurricular activity did you participate in most frequently?', 'Multiple Choice'),
(12, 'How beneficial do you believe your extracurricular involvement was for your personal growth?', 'Multiple Choice'),
(12, 'Did you hold any leadership positions in your extracurricular activities?', 'Multiple Choice'),
(12, 'How satisfied are you with the support provided for extracurricular activities on campus?', 'Multiple Choice'),
(12, 'How often did you attend events organized by student clubs or organizations?', 'Multiple Choice'),
(12, 'How satisfied are you with the variety of extracurricular activities offered on campus?', 'Multiple Choice'),
(12, 'How beneficial do you think participating in extracurricular activities was for networking opportunities?', 'Multiple Choice'),
(12, 'How well do you feel your extracurricular activities complemented your academic experience?', 'Multiple Choice'),
(12, 'How often did you engage in community service or volunteer opportunities during your time at school?', 'Multiple Choice'),
(13, 'How would you rate your mental health and wellbeing during your final semester?', 'Likert Scale'),
(13, 'How comfortable do you feel seeking help for mental health concerns from campus resources?', 'Likert Scale'),
(13, 'How effective do you find the mental health resources available to graduating students?', 'Likert Scale'),
(13, 'How often do you engage in self-care practices (e.g., exercise, meditation) to manage stress?', 'Likert Scale'),
(13, 'How supported do you feel by friends and family regarding your mental health during this transition period?', 'Likert Scale'),
(13, 'How would you rate the availability of mental health resources on campus?', 'Likert Scale'),
(13, 'How often do you feel stressed about your academic responsibilities?', 'Likert Scale'),
(13, 'How effective do you find peer support groups for mental health?', 'Likert Scale'),
(13, 'How comfortable do you feel discussing mental health issues with your peers?', 'Likert Scale'),
(13, 'How often do you seek help for mental health concerns outside of campus resources?', 'Likert Scale'),
(14, 'How satisfied are you with the career counseling services as you prepare to graduate?', 'Likert Scale'),
(14, 'How effective were the resources provided for job searching (e.g., resume workshops, job fairs)?', 'Likert Scale'),
(14, 'How confident do you feel about your ability to find a job in your field after graduation?', 'Likert Scale'),
(14, 'How often did you utilize career services during your final year?', 'Likert Scale'),
(14, 'How well do you think the school prepared you for job interviews?', 'Likert Scale'),
(14, 'How satisfied are you with the internship opportunities provided by the school?', 'Likert Scale'),
(14, 'How well do you think the career services prepared you for networking?', 'Likert Scale'),
(14, 'How effective do you find the school’s job placement support?', 'Likert Scale'),
(14, 'How often did you participate in mock interviews or resume reviews?', 'Likert Scale'),
(14, 'How confident do you feel about negotiating job offers after graduation?', 'Likert Scale'),
(15, 'How strongly do you agree that the school promotes a culture of diversity and inclusion?', 'Likert Scale'),
(15, 'How comfortable have you felt expressing your identity on campus as you approach graduation?', 'Likert Scale'),
(15, 'How effective do you believe the school`s initiatives have been in promoting inclusivity?', 'Likert Scale'),
(15, 'How often do you feel respected by peers of different backgrounds?', 'Likert Scale'),
(15, 'How satisfied are you with the support provided for diverse student groups on campus?', 'Likert Scale'),
(15, 'How effectively do you believe the school addresses issues of bias and discrimination?', 'Likert Scale'),
(15, 'How satisfied are you with the representation of diverse groups within the student body?', 'Likert Scale'),
(15, 'How comfortable do you feel discussing diversity-related topics with faculty and staff?', 'Likert Scale'),
(15, 'How often do you participate in events promoting cultural awareness and understanding?', 'Likert Scale'),
(15, 'How well do you think the school supports students from underrepresented backgrounds?', 'Likert Scale'),
(16, 'How satisfied are you with the quality of online courses you have taken, especially during your final semester?', 'Likert Scale'),
(16, 'How effective was the online learning platform in facilitating your learning?', 'Likert Scale'),
(16, 'How accessible were your instructors during online courses?', 'Likert Scale'),
(16, 'How often did you feel engaged in online classes compared to in-person classes?', 'Likert Scale'),
(16, 'How well did online courses meet your academic needs?', 'Likert Scale'),
(16, 'How satisfied are you with the responsiveness of instructors during online courses?', 'Likert Scale'),
(16, 'How effectively do you feel online assessments measured your understanding of the material?', 'Likert Scale'),
(16, 'How often did you collaborate with classmates in online courses?', 'Likert Scale'),
(16, 'How well do you think the online learning environment supported your engagement with the course content?', 'Likert Scale'),
(16, 'How satisfied are you with the technical support available for online learning?', 'Likert Scale'),
(17, 'How satisfied are you with your social connections on campus as you prepare to graduate?', 'Likert Scale'),
(17, 'How often do you participate in social activities or events organized for graduating students?', 'Likert Scale'),
(17, 'How welcoming do you find the campus environment for making new friends?', 'Likert Scale'),
(17, 'How well do you feel the campus fosters a sense of community among students?', 'Likert Scale'),
(17, 'How often do you feel isolated or disconnected from your peers?', 'Likert Scale'),
(17, 'How often do you engage in group study sessions or collaborative projects?', 'Likert Scale'),
(17, 'How satisfied are you with the opportunities to connect with alumni?', 'Likert Scale'),
(17, 'How well do you feel the campus promotes social events for graduating students?', 'Likert Scale'),
(17, 'How often do you utilize social media to connect with peers from your program?', 'Likert Scale'),
(17, 'How comfortable do you feel approaching new people in social settings on campus?', 'Likert Scale'),
(18, 'How effectively do you feel important information regarding graduation is communicated to you?', 'Likert Scale'),
(18, 'How satisfied are you with the frequency of updates regarding graduation requirements and events?', 'Likert Scale'),
(18, 'How accessible were faculty members for discussing your final projects or academic concerns?', 'Likert Scale'),
(18, 'How well do you feel your feedback as a graduating student is acknowledged by the administration?', 'Likert Scale'),
(18, 'How clearly do you find the information provided about post-graduation opportunities?', 'Likert Scale'),
(18, 'How satisfied are you with the clarity of information regarding graduation procedures?', 'Likert Scale'),
(18, 'How well do you feel the administration addresses student concerns related to graduation?', 'Likert Scale'),
(18, 'How frequently do you check for updates on graduation-related information?', 'Likert Scale'),
(18, 'How accessible do you find online resources for graduation planning?', 'Likert Scale');


INSERT INTO choices(choice, questionID)
VALUES
('Strongly Agree', 1),
('Agree', 1),
('Disagree', 1),
('Strongly Disagree', 1),
('Strongly Agree', 2),
('Agree', 2),
('Disagree', 2),
('Strongly Disagree', 2),
('Strongly Agree', 3),
('Agree', 3),
('Disagree', 3),
('Strongly Disagree', 3),
('Strongly Agree', 4),
('Agree', 4),
('Disagree', 4),
('Strongly Disagree', 4),
('Strongly Agree', 5),
('Agree', 5),
('Disagree', 5),
('Strongly Disagree', 5),
('Strongly Agree', 6),
('Agree', 6),
('Disagree', 6),
('Strongly Disagree', 6),
('Strongly Agree', 7),
('Agree', 7),
('Disagree', 7),
('Strongly Disagree', 7),
('Strongly Agree', 8),
('Agree', 8),
('Disagree', 8),
('Strongly Disagree', 8),
('Strongly Agree', 9),
('Agree', 9),
('Disagree', 9),
('Strongly Disagree', 9),
('Strongly Agree', 10),
('Agree', 10),
('Disagree', 10),
('Strongly Disagree', 10),
('Strongly Agree', 11),
('Agree', 11),
('Disagree', 11),
('Strongly Disagree', 11),
('Strongly Agree', 12),
('Agree', 12),
('Disagree', 12),
('Strongly Disagree', 12),
('Strongly Agree', 13),
('Agree', 13),
('Disagree', 13),
('Strongly Disagree', 13),
('Strongly Agree', 14),
('Agree', 14),
('Disagree', 14),
('Strongly Disagree', 14),
('Strongly Agree', 15),
('Agree', 15),
('Disagree', 15),
('Strongly Disagree', 15),
('Strongly Agree', 16),
('Agree', 16),
('Disagree', 16),
('Strongly Disagree', 16),
('Strongly Agree', 17),
('Agree', 17),
('Disagree', 17),
('Strongly Disagree', 17),
('Strongly Agree', 18),
('Agree', 18),
('Disagree', 18),
('Strongly Disagree', 18),
('Strongly Agree', 19),
('Agree', 19),
('Disagree', 19),
('Strongly Disagree', 19),
('Strongly Agree', 20),
('Agree', 20),
('Disagree', 20),
('Strongly Disagree', 20),
('Strongly Agree', 21),
('Agree', 21),
('Disagree', 21),
('Strongly Disagree', 21),
('Strongly Agree', 22),
('Agree', 22),
('Disagree', 22),
('Strongly Disagree', 22),
('Strongly Agree', 23),
('Agree', 23),
('Disagree', 23),
('Strongly Disagree', 23),
('Strongly Agree', 24),
('Agree', 24),
('Disagree', 24),
('Strongly Disagree', 24),
('Strongly Agree', 25),
('Agree', 25),
('Disagree', 25),
('Strongly Disagree', 25),
('Strongly Agree', 26),
('Agree', 26),
('Disagree', 26),
('Strongly Disagree', 26),
('Strongly Agree', 27),
('Agree', 27),
('Disagree', 27),
('Strongly Disagree', 27),
('Strongly Agree', 28),
('Agree', 28),
('Disagree', 28),
('Strongly Disagree', 28),
('Strongly Agree', 29),
('Agree', 29),
('Disagree', 29),
('Strongly Disagree', 29),
('Strongly Agree', 30),
('Agree', 30),
('Disagree', 30),
('Strongly Disagree', 30),
('Strongly Agree', 31),
('Agree', 31),
('Disagree', 31),
('Strongly Disagree', 31),
('Strongly Agree', 32),
('Agree', 32),
('Disagree', 32),
('Strongly Disagree', 32),
('Strongly Agree', 33),
('Agree', 33),
('Disagree', 33),
('Strongly Disagree', 33),
('Strongly Agree', 34),
('Agree', 34),
('Disagree', 34),
('Strongly Disagree', 34),
('Strongly Agree', 35),
('Agree', 35),
('Disagree', 35),
('Strongly Disagree', 35),
('Strongly Agree', 36),
('Agree', 36),
('Disagree', 36),
('Strongly Disagree', 36),
('Strongly Agree', 37),
('Agree', 37),
('Disagree', 37),
('Strongly Disagree', 37),
('Strongly Agree', 38),
('Agree', 38),
('Disagree', 38),
('Strongly Disagree', 38),
('Strongly Agree', 39),
('Agree', 39),
('Disagree', 39),
('Strongly Disagree', 39),
('Strongly Agree', 40),
('Agree', 40),
('Disagree', 40),
('Strongly Disagree', 40),
('Strongly Agree', 41),
('Agree', 41),
('Disagree', 41),
('Strongly Disagree', 41),
('Strongly Agree', 42),
('Agree', 42),
('Disagree', 42),
('Strongly Disagree', 42),
('Strongly Agree', 43),
('Agree', 43),
('Disagree', 43),
('Strongly Disagree', 43),
('Strongly Agree', 44),
('Agree', 44),
('Disagree', 44),
('Strongly Disagree', 44),
('Strongly Agree', 45),
('Agree', 45),
('Disagree', 45),
('Strongly Disagree', 45),
('Strongly Agree', 46),
('Agree', 46),
('Disagree', 46),
('Strongly Disagree', 46),
('Strongly Agree', 47),
('Agree', 47),
('Disagree', 47),
('Strongly Disagree', 47),
('Strongly Agree', 48),
('Agree', 48),
('Disagree', 48),
('Strongly Disagree', 48),
('Strongly Agree', 49),
('Agree', 49),
('Disagree', 49),
('Strongly Disagree', 49),
('Strongly Agree', 50),
('Agree', 50),
('Disagree', 50),
('Strongly Disagree', 50),
('Strongly Agree', 51),
('Agree', 51),
('Disagree', 51),
('Strongly Disagree', 51),
('Strongly Agree', 52),
('Agree', 52),
('Disagree', 52),
('Strongly Disagree', 52),
('Strongly Agree', 53),
('Agree', 53),
('Disagree', 53),
('Strongly Disagree', 53),
('Strongly Agree', 54),
('Agree', 54),
('Disagree', 54),
('Strongly Disagree', 54),
('Strongly Agree', 55),
('Agree', 55),
('Disagree', 55),
('Strongly Disagree', 55),
('Strongly Agree', 56),
('Agree', 56),
('Disagree', 56),
('Strongly Disagree', 56),
('Strongly Agree', 57),
('Agree', 57),
('Disagree', 57),
('Strongly Disagree', 57),
('Strongly Agree', 58),
('Agree', 58),
('Disagree', 58),
('Strongly Disagree', 58),
('Strongly Agree', 59),
('Agree', 59),
('Disagree', 59),
('Strongly Disagree', 59),
('Strongly Agree', 60),
('Agree', 60),
('Disagree', 60),
('Strongly Disagree', 60),
('Strongly Agree', 61),
('Agree', 61),
('Disagree', 61),
('Strongly Disagree', 61),
('Strongly Agree', 62),
('Agree', 62),
('Disagree', 62),
('Strongly Disagree', 62),
('Strongly Agree', 63),
('Agree', 63),
('Disagree', 63),
('Strongly Disagree', 63),
('Strongly Agree', 64),
('Agree', 64),
('Disagree', 64),
('Strongly Disagree', 64),
('Strongly Agree', 65),
('Agree', 65),
('Disagree', 65),
('Strongly Disagree', 65),
('Strongly Agree', 66),
('Agree', 66),
('Disagree', 66),
('Strongly Disagree', 66),
('Strongly Agree', 67),
('Agree', 67),
('Disagree', 67),
('Strongly Disagree', 67),
('Strongly Agree', 68),
('Agree', 68),
('Disagree', 68),
('Strongly Disagree', 68),
('Strongly Agree', 69),
('Agree', 69),
('Disagree', 69),
('Strongly Disagree', 69),
('Strongly Agree', 70),
('Agree', 70),
('Disagree', 70),
('Strongly Disagree', 70),
('Strongly Agree', 71),
('Agree', 71),
('Disagree', 71),
('Strongly Disagree', 71),
('Strongly Agree', 72),
('Agree', 72),
('Disagree', 72),
('Strongly Disagree', 72),
('Strongly Agree', 73),
('Agree', 73),
('Disagree', 73),
('Strongly Disagree', 73),
('Strongly Agree', 74),
('Agree', 74),
('Disagree', 74),
('Strongly Disagree', 74),
('Strongly Agree', 75),
('Agree', 75),
('Disagree', 75),
('Strongly Disagree', 75),
('Strongly Agree', 76),
('Agree', 76),
('Disagree', 76),
('Strongly Disagree', 76),
('Strongly Agree', 77),
('Agree', 77),
('Disagree', 77),
('Strongly Disagree', 77),
('Strongly Agree', 78),
('Agree', 78),
('Disagree', 78),
('Strongly Disagree', 78),
('Strongly Agree', 79),
('Agree', 79),
('Disagree', 79),
('Strongly Disagree', 79),
('Strongly Agree', 80),
('Agree', 80),
('Disagree', 80),
('Strongly Disagree', 80),
('Strongly Agree', 81),
('Agree', 81),
('Disagree', 81),
('Strongly Disagree', 81),
('Strongly Agree', 82),
('Agree', 82),
('Disagree', 82),
('Strongly Disagree', 82),
('Strongly Agree', 83),
('Agree', 83),
('Disagree', 83),
('Strongly Disagree', 83),
('Strongly Agree', 84),
('Agree', 84),
('Disagree', 84),
('Strongly Disagree', 84),
('Strongly Agree', 85),
('Agree', 85),
('Disagree', 85),
('Strongly Disagree', 85),
('Strongly Agree', 86),
('Agree', 86),
('Disagree', 86),
('Strongly Disagree', 86),
('Strongly Agree', 87),
('Agree', 87),
('Disagree', 87),
('Strongly Disagree', 87),
('Strongly Agree', 88),
('Agree', 88),
('Disagree', 88),
('Strongly Disagree', 88),
('Strongly Agree', 89),
('Agree', 89),
('Disagree', 89),
('Strongly Disagree', 89);

INSERT INTO `questionnaires` (`questionnaireID`, `title`, `questionID`, `programID`, `evalautionPeriod`, `publicationStatus`, `datePublished`, `expirationDate`) VALUES
(1, 'Academic and Career Preparedness', 1, 1, 'AY 2022-2023 First Semester', 'Expired', '2023-01-01', '2023-06-30'),
(1, 'Academic and Career Preparedness', 2, 1, 'AY 2022-2023 First Semester', 'Expired', '2023-01-01', '2023-06-30'),
(1, 'Academic and Career Preparedness', 3, 1, 'AY 2022-2023 First Semester', 'Expired', '2023-01-01', '2023-06-30'),
(1, 'Academic and Career Preparedness', 4, 1, 'AY 2022-2023 First Semester', 'Expired', '2023-01-01', '2023-06-30'),
(1, 'Academic and Career Preparedness', 5, 1, 'AY 2022-2023 First Semester', 'Expired', '2023-01-01', '2023-06-30'),
(1, 'Academic and Career Preparedness', 6, 1, 'AY 2022-2023 First Semester', 'Expired', '2023-01-01', '2023-06-30'),
(1, 'Academic and Career Preparedness', 7, 1, 'AY 2022-2023 First Semester', 'Expired', '2023-01-01', '2023-06-30'),
(1, 'Academic and Career Preparedness', 8, 1, 'AY 2022-2023 First Semester', 'Expired', '2023-01-01', '2023-06-30'),
(1, 'Academic and Career Preparedness', 9, 1, 'AY 2022-2023 First Semester', 'Expired', '2023-01-01', '2023-06-30'),
(1, 'Academic and Career Preparedness', 10, 1, 'AY 2022-2023 First Semester', 'Expired', '2023-01-01', '2023-06-30'),
(1, 'Academic and Career Preparedness', 14, 1, 'AY 2022-2023 First Semester', 'Expired', '2023-01-01', '2023-06-30'),
(1, 'Academic and Career Preparedness', 15, 1, 'AY 2022-2023 First Semester', 'Expired', '2023-01-01', '2023-06-30'),
(1, 'Academic and Career Preparedness', 17, 1, 'AY 2022-2023 First Semester', 'Expired', '2023-01-01', '2023-06-30'),
(1, 'Academic and Career Preparedness', 18, 1, 'AY 2022-2023 First Semester', 'Expired', '2023-01-01', '2023-06-30'),
(1, 'Academic and Career Preparedness', 19, 1, 'AY 2022-2023 First Semester', 'Expired', '2023-01-01', '2023-06-30'),
(2, 'Mental Health and Campus Resources', 13, 1, 'AY 2022-2023 First Semester', 'Expired', '2023-01-01', '2023-06-30'),
(2, 'Mental Health and Campus Resources', 14, 1, 'AY 2022-2023 First Semester', 'Expired', '2023-01-01', '2023-06-30'),
(2, 'Mental Health and Campus Resources', 15, 1, 'AY 2022-2023 First Semester', 'Expired', '2023-01-01', '2023-06-30'),
(2, 'Mental Health and Campus Resources', 16, 1, 'AY 2022-2023 First Semester', 'Expired', '2023-01-01', '2023-06-30'),
(2, 'Mental Health and Campus Resources', 17, 1, 'AY 2022-2023 First Semester', 'Expired', '2023-01-01', '2023-06-30'),
(2, 'Mental Health and Campus Resources', 18, 1, 'AY 2022-2023 First Semester', 'Expired', '2023-01-01', '2023-06-30'),
(2, 'Mental Health and Campus Resources', 19, 1, 'AY 2022-2023 First Semester', 'Expired', '2023-01-01', '2023-06-30'),
(2, 'Mental Health and Campus Resources', 20, 1, 'AY 2022-2023 First Semester', 'Expired', '2023-01-01', '2023-06-30'),
(2, 'Mental Health and Campus Resources', 21, 1, 'AY 2022-2023 First Semester', 'Expired', '2023-01-01', '2023-06-30'),
(2, 'Mental Health and Campus Resources', 22, 1, 'AY 2022-2023 First Semester', 'Expired', '2023-01-01', '2023-06-30'),
(2, 'Mental Health and Campus Resources', 23, 1, 'AY 2022-2023 First Semester', 'Expired', '2023-01-01', '2023-06-30'),
(2, 'Mental Health and Campus Resources', 24, 1, 'AY 2022-2023 First Semester', 'Expired', '2023-01-01', '2023-06-30'),
(2, 'Mental Health and Campus Resources', 25, 1, 'AY 2022-2023 First Semester', 'Expired', '2023-01-01', '2023-06-30'),
(2, 'Mental Health and Campus Resources', 26, 1, 'AY 2022-2023 First Semester', 'Expired', '2023-01-01', '2023-06-30'),
(3, 'CS Graduate Exit Interview: Academic and Professional Preparedness', 1, 100, 'AY 2022-2023 First Semester', 'Expired', '2023-01-01', '2023-06-30'),
(3, 'CS Graduate Exit Interview: Academic and Professional Preparedness', 2, 100, 'AY 2022-2023 First Semester', 'Expired', '2023-01-01', '2023-06-30'),
(3, 'CS Graduate Exit Interview: Academic and Professional Preparedness', 3, 100, 'AY 2022-2023 First Semester', 'Expired', '2023-01-01', '2023-06-30'),
(3, 'CS Graduate Exit Interview: Academic and Professional Preparedness', 4, 100, 'AY 2022-2023 First Semester', 'Expired', '2023-01-01', '2023-06-30'),
(3, 'CS Graduate Exit Interview: Academic and Professional Preparedness', 5, 100, 'AY 2022-2023 First Semester', 'Expired', '2023-01-01', '2023-06-30'),
(3, 'CS Graduate Exit Interview: Academic and Professional Preparedness', 6, 100, 'AY 2022-2023 First Semester', 'Expired', '2023-01-01', '2023-06-30'),
(3, 'CS Graduate Exit Interview: Academic and Professional Preparedness', 7, 100, 'AY 2022-2023 First Semester', 'Expired', '2023-01-01', '2023-06-30'),
(3, 'CS Graduate Exit Interview: Academic and Professional Preparedness', 8, 100, 'AY 2022-2023 First Semester', 'Expired', '2023-01-01', '2023-06-30'),
(3, 'CS Graduate Exit Interview: Academic and Professional Preparedness', 9, 100, 'AY 2022-2023 First Semester', 'Expired', '2023-01-01', '2023-06-30'),
(3, 'CS Graduate Exit Interview: Academic and Professional Preparedness', 10, 100, 'AY 2022-2023 First Semester', 'Expired', '2023-01-01', '2023-06-30'),
(3, 'CS Graduate Exit Interview: Academic and Professional Preparedness', 11, 100, 'AY 2022-2023 First Semester', 'Expired', '2023-01-01', '2023-06-30'),
(3, 'CS Graduate Exit Interview: Academic and Professional Preparedness', 12, 100, 'AY 2022-2023 First Semester', 'Expired', '2023-01-01', '2023-06-30'),
(3, 'CS Graduate Exit Interview: Academic and Professional Preparedness', 13, 100, 'AY 2022-2023 First Semester', 'Expired', '2023-01-01', '2023-06-30'),
(3, 'CS Graduate Exit Interview: Academic and Professional Preparedness', 14, 100, 'AY 2022-2023 First Semester', 'Expired', '2023-01-01', '2023-06-30'),
(3, 'CS Graduate Exit Interview: Academic and Professional Preparedness', 15, 100, 'AY 2022-2023 First Semester', 'Expired', '2023-01-01', '2023-06-30'),
(4, 'CS Graduate Exit Interview: Campus and Learning Experience', 16, 100, 'AY 2022-2023 First Semester', 'Expired', '2023-01-01', '2023-06-30'),
(4, 'CS Graduate Exit Interview: Campus and Learning Experience', 17, 100, 'AY 2022-2023 First Semester', 'Expired', '2023-01-01', '2023-06-30'),
(4, 'CS Graduate Exit Interview: Campus and Learning Experience', 18, 100, 'AY 2022-2023 First Semester', 'Expired', '2023-01-01', '2023-06-30'),
(4, 'CS Graduate Exit Interview: Campus and Learning Experience', 19, 100, 'AY 2022-2023 First Semester', 'Expired', '2023-01-01', '2023-06-30'),
(4, 'CS Graduate Exit Interview: Campus and Learning Experience', 20, 100, 'AY 2022-2023 First Semester', 'Expired', '2023-01-01', '2023-06-30'),
(4, 'CS Graduate Exit Interview: Campus and Learning Experience', 21, 100, 'AY 2022-2023 First Semester', 'Expired', '2023-01-01', '2023-06-30'),
(4, 'CS Graduate Exit Interview: Campus and Learning Experience', 22, 100, 'AY 2022-2023 First Semester', 'Expired', '2023-01-01', '2023-06-30'),
(4, 'CS Graduate Exit Interview: Campus and Learning Experience', 23, 100, 'AY 2022-2023 First Semester', 'Expired', '2023-01-01', '2023-06-30'),
(4, 'CS Graduate Exit Interview: Campus and Learning Experience', 24, 100, 'AY 2022-2023 First Semester', 'Expired', '2023-01-01', '2023-06-30'),
(4, 'CS Graduate Exit Interview: Campus and Learning Experience', 25, 100, 'AY 2022-2023 First Semester', 'Expired', '2023-01-01', '2023-06-30'),
(4, 'CS Graduate Exit Interview: Campus and Learning Experience', 26, 100, 'AY 2022-2023 First Semester', 'Expired', '2023-01-01', '2023-06-30'),
(4, 'CS Graduate Exit Interview: Campus and Learning Experience', 27, 100, 'AY 2022-2023 First Semester', 'Expired', '2023-01-01', '2023-06-30'),
(4, 'CS Graduate Exit Interview: Campus and Learning Experience', 28, 100, 'AY 2022-2023 First Semester', 'Expired', '2023-01-01', '2023-06-30'),
(4, 'CS Graduate Exit Interview: Campus and Learning Experience', 29, 100, 'AY 2022-2023 First Semester', 'Expired', '2023-01-01', '2023-06-30'),
(4, 'CS Graduate Exit Interview: Campus and Learning Experience', 30, 100, 'AY 2022-2023 First Semester', 'Expired', '2023-01-01', '2023-06-30'),
(5, 'IT Graduate Exit Interview: Professional Preparedness and Campus Experience', 1, 200, 'AY 2022-2023 Second Semester', 'Expired', '2023-07-01', '2023-12-31'),
(5, 'IT Graduate Exit Interview: Professional Preparedness and Campus Experience', 2, 200, 'AY 2022-2023 Second Semester', 'Expired', '2023-07-01', '2023-12-31'),
(5, 'IT Graduate Exit Interview: Professional Preparedness and Campus Experience', 3, 200, 'AY 2022-2023 Second Semester', 'Expired', '2023-07-01', '2023-12-31'),
(5, 'IT Graduate Exit Interview: Professional Preparedness and Campus Experience', 4, 200, 'AY 2022-2023 Second Semester', 'Expired', '2023-07-01', '2023-12-31'),
(5, 'IT Graduate Exit Interview: Professional Preparedness and Campus Experience', 5, 200, 'AY 2022-2023 Second Semester', 'Expired', '2023-07-01', '2023-12-31'),
(5, 'IT Graduate Exit Interview: Professional Preparedness and Campus Experience', 6, 200, 'AY 2022-2023 Second Semester', 'Expired', '2023-07-01', '2023-12-31'),
(5, 'IT Graduate Exit Interview: Professional Preparedness and Campus Experience', 7, 200, 'AY 2022-2023 Second Semester', 'Expired', '2023-07-01', '2023-12-31'),
(5, 'IT Graduate Exit Interview: Professional Preparedness and Campus Experience', 8, 200, 'AY 2022-2023 Second Semester', 'Expired', '2023-07-01', '2023-12-31'),
(5, 'IT Graduate Exit Interview: Professional Preparedness and Campus Experience', 9, 200, 'AY 2022-2023 Second Semester', 'Expired', '2023-07-01', '2023-12-31'),
(5, 'IT Graduate Exit Interview: Professional Preparedness and Campus Experience', 10, 200, 'AY 2022-2023 Second Semester', 'Expired', '2023-07-01', '2023-12-31'),
(5, 'IT Graduate Exit Interview: Professional Preparedness and Campus Experience', 11, 200, 'AY 2022-2023 Second Semester', 'Expired', '2023-07-01', '2023-12-31'),
(5, 'IT Graduate Exit Interview: Professional Preparedness and Campus Experience', 12, 200, 'AY 2022-2023 Second Semester', 'Expired', '2023-07-01', '2023-12-31'),
(5, 'IT Graduate Exit Interview: Professional Preparedness and Campus Experience', 13, 200, 'AY 2022-2023 Second Semester', 'Expired', '2023-07-01', '2023-12-31'),
(5, 'IT Graduate Exit Interview: Professional Preparedness and Campus Experience', 14, 200, 'AY 2022-2023 Second Semester', 'Expired', '2023-07-01', '2023-12-31'),
(5, 'IT Graduate Exit Interview: Professional Preparedness and Campus Experience', 15, 200, 'AY 2022-2023 Second Semester', 'Expired', '2023-07-01', '2023-12-31'),
(6, 'IT Graduate Exit Interview: Campus Services and Career Preparation', 16, 200, 'AY 2022-2023 Second Semester', 'Expired', '2023-07-01', '2023-12-31'),
(6, 'IT Graduate Exit Interview: Campus Services and Career Preparation', 17, 200, 'AY 2022-2023 Second Semester', 'Expired', '2023-07-01', '2023-12-31'),
(6, 'IT Graduate Exit Interview: Campus Services and Career Preparation', 18, 200, 'AY 2022-2023 Second Semester', 'Expired', '2023-07-01', '2023-12-31'),
(6, 'IT Graduate Exit Interview: Campus Services and Career Preparation', 19, 200, 'AY 2022-2023 Second Semester', 'Expired', '2023-07-01', '2023-12-31'),
(6, 'IT Graduate Exit Interview: Campus Services and Career Preparation', 20, 200, 'AY 2022-2023 Second Semester', 'Expired', '2023-07-01', '2023-12-31'),
(6, 'IT Graduate Exit Interview: Campus Services and Career Preparation', 21, 200, 'AY 2022-2023 Second Semester', 'Expired', '2023-07-01', '2023-12-31'),
(6, 'IT Graduate Exit Interview: Campus Services and Career Preparation', 22, 200, 'AY 2022-2023 Second Semester', 'Expired', '2023-07-01', '2023-12-31'),
(6, 'IT Graduate Exit Interview: Campus Services and Career Preparation', 23, 200, 'AY 2022-2023 Second Semester', 'Expired', '2023-07-01', '2023-12-31'),
(6, 'IT Graduate Exit Interview: Campus Services and Career Preparation', 24, 200, 'AY 2022-2023 Second Semester', 'Expired', '2023-07-01', '2023-12-31'),
(6, 'IT Graduate Exit Interview: Campus Services and Career Preparation', 25, 200, 'AY 2022-2023 Second Semester', 'Expired', '2023-07-01', '2023-12-31'),
(6, 'IT Graduate Exit Interview: Campus Services and Career Preparation', 26, 200, 'AY 2022-2023 Second Semester', 'Expired', '2023-07-01', '2023-12-31'),
(6, 'IT Graduate Exit Interview: Campus Services and Career Preparation', 27, 200, 'AY 2022-2023 Second Semester', 'Expired', '2023-07-01', '2023-12-31'),
(6, 'IT Graduate Exit Interview: Campus Services and Career Preparation', 28, 200, 'AY 2022-2023 Second Semester', 'Expired', '2023-07-01', '2023-12-31'),
(6, 'IT Graduate Exit Interview: Campus Services and Career Preparation', 29, 200, 'AY 2022-2023 Second Semester', 'Expired', '2023-07-01', '2023-12-31'),
(6, 'IT Graduate Exit Interview: Campus Services and Career Preparation', 30, 200, 'AY 2022-2023 Second Semester', 'Expired', '2023-07-01', '2023-12-31'),
(7, 'Academic and Campus Resources Review', 1, 1, 'AY 2023-2024 First Semester', 'Published', '2023-08-01', '2024-02-28'),
(7, 'Academic and Campus Resources Review', 2, 1, 'AY 2023-2024 First Semester', 'Published', '2023-08-01', '2024-02-28'),
(7, 'Academic and Campus Resources Review', 3, 1, 'AY 2023-2024 First Semester', 'Published', '2023-08-01', '2024-02-28'),
(7, 'Academic and Campus Resources Review', 4, 1, 'AY 2023-2024 First Semester', 'Published', '2023-08-01', '2024-02-28'),
(7, 'Academic and Campus Resources Review', 5, 1, 'AY 2023-2024 First Semester', 'Published', '2023-08-01', '2024-02-28'),
(7, 'Academic and Campus Resources Review', 6, 1, 'AY 2023-2024 First Semester', 'Published', '2023-08-01', '2024-02-28'),
(7, 'Academic and Campus Resources Review', 7, 1, 'AY 2023-2024 First Semester', 'Published', '2023-08-01', '2024-02-28'),
(7, 'Academic and Campus Resources Review', 8, 1, 'AY 2023-2024 First Semester', 'Published', '2023-08-01', '2024-02-28'),
(7, 'Academic and Campus Resources Review', 9, 1, 'AY 2023-2024 First Semester', 'Published', '2023-08-01', '2024-02-28'),
(7, 'Academic and Campus Resources Review', 10, 1, 'AY 2023-2024 First Semester', 'Published', '2023-08-01', '2024-02-28'),
(7, 'Academic and Campus Resources Review', 11, 1, 'AY 2023-2024 First Semester', 'Published', '2023-08-01', '2024-02-28'),
(7, 'Academic and Campus Resources Review', 12, 1, 'AY 2023-2024 First Semester', 'Published', '2023-08-01', '2024-02-28'),
(7, 'Academic and Campus Resources Review', 13, 1, 'AY 2023-2024 First Semester', 'Published', '2023-08-01', '2024-02-28'),
(7, 'Academic and Campus Resources Review', 14, 1, 'AY 2023-2024 First Semester', 'Published', '2023-08-01', '2024-02-28'),
(7, 'Academic and Campus Resources Review', 15, 1, 'AY 2023-2024 First Semester', 'Published', '2023-08-01', '2024-02-28'),
(8, 'Campus Life and Support Services', 16, 1, 'AY 2023-2024 First Semester', 'Published', '2023-08-01', '2024-02-28'),
(8, 'Campus Life and Support Services', 17, 1, 'AY 2023-2024 First Semester', 'Published', '2023-08-01', '2024-02-28'),
(8, 'Campus Life and Support Services', 18, 1, 'AY 2023-2024 First Semester', 'Published', '2023-08-01', '2024-02-28'),
(8, 'Campus Life and Support Services', 19, 1, 'AY 2023-2024 First Semester', 'Published', '2023-08-01', '2024-02-28'),
(8, 'Campus Life and Support Services', 20, 1, 'AY 2023-2024 First Semester', 'Published', '2023-08-01', '2024-02-28'),
(8, 'Campus Life and Support Services', 21, 1, 'AY 2023-2024 First Semester', 'Published', '2023-08-01', '2024-02-28'),
(8, 'Campus Life and Support Services', 22, 1, 'AY 2023-2024 First Semester', 'Published', '2023-08-01', '2024-02-28'),
(8, 'Campus Life and Support Services', 23, 1, 'AY 2023-2024 First Semester', 'Published', '2023-08-01', '2024-02-28'),
(8, 'Campus Life and Support Services', 24, 1, 'AY 2023-2024 First Semester', 'Published', '2023-08-01', '2024-02-28'),
(8, 'Campus Life and Support Services', 25, 1, 'AY 2023-2024 First Semester', 'Published', '2023-08-01', '2024-02-28'),
(8, 'Campus Life and Support Services', 26, 1, 'AY 2023-2024 First Semester', 'Published', '2023-08-01', '2024-02-28'),
(8, 'Campus Life and Support Services', 27, 1, 'AY 2023-2024 First Semester', 'Published', '2023-08-01', '2024-02-28'),
(8, 'Campus Life and Support Services', 28, 1, 'AY 2023-2024 First Semester', 'Published', '2023-08-01', '2024-02-28'),
(8, 'Campus Life and Support Services', 29, 1, 'AY 2023-2024 First Semester', 'Published', '2023-08-01', '2024-02-28'),
(8, 'Campus Life and Support Services', 30, 1, 'AY 2023-2024 First Semester', 'Published', '2023-08-01', '2024-02-28'),
(9, 'CS Exit Interview: Curriculum and Academic Preparedness', 12, 100, 'AY 2023-2024 First Semester', 'Published', '2023-08-01', '2024-02-28'),
(9, 'CS Exit Interview: Curriculum and Academic Preparedness', 23, 100, 'AY 2023-2024 First Semester', 'Published', '2023-08-01', '2024-02-28'),
(9, 'CS Exit Interview: Curriculum and Academic Preparedness', 27, 100, 'AY 2023-2024 First Semester', 'Published', '2023-08-01', '2024-02-28'),
(9, 'CS Exit Interview: Curriculum and Academic Preparedness', 37, 100, 'AY 2023-2024 First Semester', 'Published', '2023-08-01', '2024-02-28'),
(9, 'CS Exit Interview: Curriculum and Academic Preparedness', 45, 100, 'AY 2023-2024 First Semester', 'Published', '2023-08-01', '2024-02-28'),
(9, 'CS Exit Interview: Curriculum and Academic Preparedness', 50, 100, 'AY 2023-2024 First Semester', 'Published', '2023-08-01', '2024-02-28'),
(9, 'CS Exit Interview: Curriculum and Academic Preparedness', 55, 100, 'AY 2023-2024 First Semester', 'Published', '2023-08-01', '2024-02-28'),
(9, 'CS Exit Interview: Curriculum and Academic Preparedness', 65, 100, 'AY 2023-2024 First Semester', 'Published', '2023-08-01', '2024-02-28'),
(9, 'CS Exit Interview: Curriculum and Academic Preparedness', 68, 100, 'AY 2023-2024 First Semester', 'Published', '2023-08-01', '2024-02-28'),
(9, 'CS Exit Interview: Curriculum and Academic Preparedness', 71, 100, 'AY 2023-2024 First Semester', 'Published', '2023-08-01', '2024-02-28'),
(9, 'CS Exit Interview: Curriculum and Academic Preparedness', 82, 100, 'AY 2023-2024 First Semester', 'Published', '2023-08-01', '2024-02-28'),
(9, 'CS Exit Interview: Curriculum and Academic Preparedness', 83, 100, 'AY 2023-2024 First Semester', 'Published', '2023-08-01', '2024-02-28'),
(10, 'CS Exit Interview: Student Life and Career Support', 13, 100, 'AY 2023-2024 First Semester', 'Published', '2023-08-01', '2024-02-28'),
(10, 'CS Exit Interview: Student Life and Career Support', 17, 100, 'AY 2023-2024 First Semester', 'Published', '2023-08-01', '2024-02-28'),
(10, 'CS Exit Interview: Student Life and Career Support', 29, 100, 'AY 2023-2024 First Semester', 'Published', '2023-08-01', '2024-02-28'),
(10, 'CS Exit Interview: Student Life and Career Support', 31, 100, 'AY 2023-2024 First Semester', 'Published', '2023-08-01', '2024-02-28'),
(10, 'CS Exit Interview: Student Life and Career Support', 33, 100, 'AY 2023-2024 First Semester', 'Published', '2023-08-01', '2024-02-28'),
(10, 'CS Exit Interview: Student Life and Career Support', 35, 100, 'AY 2023-2024 First Semester', 'Published', '2023-08-01', '2024-02-28'),
(10, 'CS Exit Interview: Student Life and Career Support', 42, 100, 'AY 2023-2024 First Semester', 'Published', '2023-08-01', '2024-02-28'),
(10, 'CS Exit Interview: Student Life and Career Support', 53, 100, 'AY 2023-2024 First Semester', 'Published', '2023-08-01', '2024-02-28'),
(10, 'CS Exit Interview: Student Life and Career Support', 63, 100, 'AY 2023-2024 First Semester', 'Published', '2023-08-01', '2024-02-28'),
(10, 'CS Exit Interview: Student Life and Career Support', 67, 100, 'AY 2023-2024 First Semester', 'Published', '2023-08-01', '2024-02-28'),
(10, 'CS Exit Interview: Student Life and Career Support', 74, 100, 'AY 2023-2024 First Semester', 'Published', '2023-08-01', '2024-02-28'),
(10, 'CS Exit Interview: Student Life and Career Support', 75, 100, 'AY 2023-2024 First Semester', 'Published', '2023-08-01', '2024-02-28'),
(10, 'CS Exit Interview: Student Life and Career Support', 88, 100, 'AY 2023-2024 First Semester', 'Published', '2023-08-01', '2024-02-28'),
(10, 'CS Exit Interview: Student Life and Career Support', 89, 100, 'AY 2023-2024 First Semester', 'Published', '2023-08-01', '2024-02-28'),
(11, 'IT Exit Interview: Curriculum and Industry Readiness', 9, 200, 'AY 2023-2024 Second Semester', 'Not Published', NULL, NULL),
(11, 'IT Exit Interview: Curriculum and Industry Readiness', 11, 200, 'AY 2023-2024 Second Semester', 'Not Published', NULL, NULL),
(11, 'IT Exit Interview: Curriculum and Industry Readiness', 14, 200, 'AY 2023-2024 Second Semester', 'Not Published', NULL, NULL),
(11, 'IT Exit Interview: Curriculum and Industry Readiness', 22, 200, 'AY 2023-2024 Second Semester', 'Not Published', NULL, NULL),
(11, 'IT Exit Interview: Curriculum and Industry Readiness', 34, 200, 'AY 2023-2024 Second Semester', 'Not Published', NULL, NULL),
(11, 'IT Exit Interview: Curriculum and Industry Readiness', 36, 200, 'AY 2023-2024 Second Semester', 'Not Published', NULL, NULL),
(11, 'IT Exit Interview: Curriculum and Industry Readiness', 40, 200, 'AY 2023-2024 Second Semester', 'Not Published', NULL, NULL),
(11, 'IT Exit Interview: Curriculum and Industry Readiness', 52, 200, 'AY 2023-2024 Second Semester', 'Not Published', NULL, NULL),
(11, 'IT Exit Interview: Curriculum and Industry Readiness', 58, 200, 'AY 2023-2024 Second Semester', 'Not Published', NULL, NULL),
(11, 'IT Exit Interview: Curriculum and Industry Readiness', 61, 200, 'AY 2023-2024 Second Semester', 'Not Published', NULL, NULL),
(11, 'IT Exit Interview: Curriculum and Industry Readiness', 66, 200, 'AY 2023-2024 Second Semester', 'Not Published', NULL, NULL),
(11, 'IT Exit Interview: Curriculum and Industry Readiness', 76, 200, 'AY 2023-2024 Second Semester', 'Not Published', NULL, NULL),
(11, 'IT Exit Interview: Curriculum and Industry Readiness', 79, 200, 'AY 2023-2024 Second Semester', 'Not Published', NULL, NULL),
(11, 'IT Exit Interview: Curriculum and Industry Readiness', 80, 200, 'AY 2023-2024 Second Semester', 'Not Published', NULL, NULL),
(12, 'IT Exit Interview: Career Services and Support', 4, 200, 'AY 2023-2024 Second Semester', 'Not Published', NULL, NULL),
(12, 'IT Exit Interview: Career Services and Support', 5, 200, 'AY 2023-2024 Second Semester', 'Not Published', NULL, NULL),
(12, 'IT Exit Interview: Career Services and Support', 15, 200, 'AY 2023-2024 Second Semester', 'Not Published', NULL, NULL),
(12, 'IT Exit Interview: Career Services and Support', 17, 200, 'AY 2023-2024 Second Semester', 'Not Published', NULL, NULL),
(12, 'IT Exit Interview: Career Services and Support', 20, 200, 'AY 2023-2024 Second Semester', 'Not Published', NULL, NULL),
(12, 'IT Exit Interview: Career Services and Support', 32, 200, 'AY 2023-2024 Second Semester', 'Not Published', NULL, NULL),
(12, 'IT Exit Interview: Career Services and Support', 39, 200, 'AY 2023-2024 Second Semester', 'Not Published', NULL, NULL),
(12, 'IT Exit Interview: Career Services and Support', 45, 200, 'AY 2023-2024 Second Semester', 'Not Published', NULL, NULL),
(12, 'IT Exit Interview: Career Services and Support', 46, 200, 'AY 2023-2024 Second Semester', 'Not Published', NULL, NULL),
(12, 'IT Exit Interview: Career Services and Support', 50, 200, 'AY 2023-2024 Second Semester', 'Not Published', NULL, NULL),
(12, 'IT Exit Interview: Career Services and Support', 62, 200, 'AY 2023-2024 Second Semester', 'Not Published', NULL, NULL),
(12, 'IT Exit Interview: Career Services and Support', 64, 200, 'AY 2023-2024 Second Semester', 'Not Published', NULL, NULL),
(12, 'IT Exit Interview: Career Services and Support', 70, 200, 'AY 2023-2024 Second Semester', 'Not Published', NULL, NULL),
(12, 'IT Exit Interview: Career Services and Support', 72, 200, 'AY 2023-2024 Second Semester', 'Not Published', NULL, NULL),
(12, 'IT Exit Interview: Career Services and Support', 73, 200, 'AY 2023-2024 Second Semester', 'Not Published', NULL, NULL),
(12, 'IT Exit Interview: Career Services and Support', 88, 200, 'AY 2023-2024 Second Semester', 'Not Published', NULL, NULL),
(13, 'General Student Feedback on Academic Experience', 2, 1, 'AY 2024-2025 First Semester', 'Not Published', NULL, NULL),
(13, 'General Student Feedback on Academic Experience', 3, 1, 'AY 2024-2025 First Semester', 'Not Published', NULL, NULL),
(13, 'General Student Feedback on Academic Experience', 6, 1, 'AY 2024-2025 First Semester', 'Not Published', NULL, NULL),
(13, 'General Student Feedback on Academic Experience', 11, 1, 'AY 2024-2025 First Semester', 'Not Published', NULL, NULL),
(13, 'General Student Feedback on Academic Experience', 10, 1, 'AY 2024-2025 First Semester', 'Not Published', NULL, NULL),
(13, 'General Student Feedback on Academic Experience', 12, 1, 'AY 2024-2025 First Semester', 'Not Published', NULL, NULL),
(13, 'General Student Feedback on Academic Experience', 15, 1, 'AY 2024-2025 First Semester', 'Not Published', NULL, NULL),
(13, 'General Student Feedback on Academic Experience', 18, 1, 'AY 2024-2025 First Semester', 'Not Published', NULL, NULL),
(13, 'General Student Feedback on Academic Experience', 23, 1, 'AY 2024-2025 First Semester', 'Not Published', NULL, NULL),
(13, 'General Student Feedback on Academic Experience', 25, 1, 'AY 2024-2025 First Semester', 'Not Published', NULL, NULL),
(13, 'General Student Feedback on Academic Experience', 29, 1, 'AY 2024-2025 First Semester', 'Not Published', NULL, NULL),
(13, 'General Student Feedback on Academic Experience', 33, 1, 'AY 2024-2025 First Semester', 'Not Published', NULL, NULL),
(13, 'General Student Feedback on Academic Experience', 41, 1, 'AY 2024-2025 First Semester', 'Not Published', NULL, NULL),
(13, 'General Student Feedback on Academic Experience', 47, 1, 'AY 2024-2025 First Semester', 'Not Published', NULL, NULL),
(13, 'General Student Feedback on Academic Experience', 53, 1, 'AY 2024-2025 First Semester', 'Not Published', NULL, NULL),
(14, 'General Program Evaluation and Improvement', 1, 1, 'AY 2024-2025 First Semester', 'Not Published', NULL, NULL),
(14, 'General Program Evaluation and Improvement', 8, 1, 'AY 2024-2025 First Semester', 'Not Published', NULL, NULL),
(14, 'General Program Evaluation and Improvement', 19, 1, 'AY 2024-2025 First Semester', 'Not Published', NULL, NULL),
(14, 'General Program Evaluation and Improvement', 24, 1, 'AY 2024-2025 First Semester', 'Not Published', NULL, NULL),
(14, 'General Program Evaluation and Improvement', 27, 1, 'AY 2024-2025 First Semester', 'Not Published', NULL, NULL),
(14, 'General Program Evaluation and Improvement', 30, 1, 'AY 2024-2025 First Semester', 'Not Published', NULL, NULL),
(14, 'General Program Evaluation and Improvement', 38, 1, 'AY 2024-2025 First Semester', 'Not Published', NULL, NULL),
(14, 'General Program Evaluation and Improvement', 44, 1, 'AY 2024-2025 First Semester', 'Not Published', NULL, NULL),
(14, 'General Program Evaluation and Improvement', 48, 1, 'AY 2024-2025 First Semester', 'Not Published', NULL, NULL),
(14, 'General Program Evaluation and Improvement', 54, 1, 'AY 2024-2025 First Semester', 'Not Published', NULL, NULL),
(14, 'General Program Evaluation and Improvement', 60, 1, 'AY 2024-2025 First Semester', 'Not Published', NULL, NULL),
(14, 'General Program Evaluation and Improvement', 68, 1, 'AY 2024-2025 First Semester', 'Not Published', NULL, NULL),
(14, 'General Program Evaluation and Improvement', 74, 1, 'AY 2024-2025 First Semester', 'Not Published', NULL, NULL),
(14, 'General Program Evaluation and Improvement', 82, 1, 'AY 2024-2025 First Semester', 'Not Published', NULL, NULL),
(15, 'IT Program Assessment and Student Experience', 1, 200, 'AY 2024-2025 First Semester', 'Not Published', NULL, NULL),
(15, 'IT Program Assessment and Student Experience', 4, 200, 'AY 2024-2025 First Semester', 'Not Published', NULL, NULL),
(15, 'IT Program Assessment and Student Experience', 7, 200, 'AY 2024-2025 First Semester', 'Not Published', NULL, NULL),
(15, 'IT Program Assessment and Student Experience', 13, 200, 'AY 2024-2025 First Semester', 'Not Published', NULL, NULL),
(15, 'IT Program Assessment and Student Experience', 17, 200, 'AY 2024-2025 First Semester', 'Not Published', NULL, NULL),
(15, 'IT Program Assessment and Student Experience', 22, 200, 'AY 2024-2025 First Semester', 'Not Published', NULL, NULL),
(15, 'IT Program Assessment and Student Experience', 26, 200, 'AY 2024-2025 First Semester', 'Not Published', NULL, NULL),
(15, 'IT Program Assessment and Student Experience', 34, 200, 'AY 2024-2025 First Semester', 'Not Published', NULL, NULL),
(15, 'IT Program Assessment and Student Experience', 42, 200, 'AY 2024-2025 First Semester', 'Not Published', NULL, NULL),
(15, 'IT Program Assessment and Student Experience', 50, 200, 'AY 2024-2025 First Semester', 'Not Published', NULL, NULL),
(15, 'IT Program Assessment and Student Experience', 55, 200, 'AY 2024-2025 First Semester', 'Not Published', NULL, NULL),
(15, 'IT Program Assessment and Student Experience', 64, 200, 'AY 2024-2025 First Semester', 'Not Published', NULL, NULL),
(15, 'IT Program Assessment and Student Experience', 70, 200, 'AY 2024-2025 First Semester', 'Not Published', NULL, NULL),
(15, 'IT Program Assessment and Student Experience', 78, 200, 'AY 2024-2025 First Semester', 'Not Published', NULL, NULL),
(15, 'IT Program Assessment and Student Experience', 85, 200, 'AY 2024-2025 First Semester', 'Not Published', NULL, NULL),
(16, 'Enhancing IT Curriculum and Student Success', 2, 200, 'AY 2024-2025 First Semester', 'Not Published', NULL, NULL),
(16, 'Enhancing IT Curriculum and Student Success', 5, 200, 'AY 2024-2025 First Semester', 'Not Published', NULL, NULL),
(16, 'Enhancing IT Curriculum and Student Success', 9, 200, 'AY 2024-2025 First Semester', 'Not Published', NULL, NULL),
(16, 'Enhancing IT Curriculum and Student Success', 14, 200, 'AY 2024-2025 First Semester', 'Not Published', NULL, NULL),
(16, 'Enhancing IT Curriculum and Student Success', 18, 200, 'AY 2024-2025 First Semester', 'Not Published', NULL, NULL),
(16, 'Enhancing IT Curriculum and Student Success', 21, 200, 'AY 2024-2025 First Semester', 'Not Published', NULL, NULL),
(16, 'Enhancing IT Curriculum and Student Success', 30, 200, 'AY 2024-2025 First Semester', 'Not Published', NULL, NULL),
(16, 'Enhancing IT Curriculum and Student Success', 39, 200, 'AY 2024-2025 First Semester', 'Not Published', NULL, NULL),
(16, 'Enhancing IT Curriculum and Student Success', 48, 200, 'AY 2024-2025 First Semester', 'Not Published', NULL, NULL),
(16, 'Enhancing IT Curriculum and Student Success', 52, 200, 'AY 2024-2025 First Semester', 'Not Published', NULL, NULL),
(16, 'Enhancing IT Curriculum and Student Success', 61, 200, 'AY 2024-2025 First Semester', 'Not Published', NULL, NULL),
(16, 'Enhancing IT Curriculum and Student Success', 66, 200, 'AY 2024-2025 First Semester', 'Not Published', NULL, NULL),
(16, 'Enhancing IT Curriculum and Student Success', 75, 200, 'AY 2024-2025 First Semester', 'Not Published', NULL, NULL),
(16, 'Enhancing IT Curriculum and Student Success', 83, 200, 'AY 2024-2025 First Semester', 'Not Published', NULL, NULL),
(17, 'Assessing CS Curriculum Effectiveness', 1, 100, 'AY 2024-2025 First Semester', 'Not Published', NULL, NULL),
(17, 'Assessing CS Curriculum Effectiveness', 3, 100, 'AY 2024-2025 First Semester', 'Not Published', NULL, NULL),
(17, 'Assessing CS Curriculum Effectiveness', 6, 100, 'AY 2024-2025 First Semester', 'Not Published', NULL, NULL),
(17, 'Assessing CS Curriculum Effectiveness', 10, 100, 'AY 2024-2025 First Semester', 'Not Published', NULL, NULL),
(17, 'Assessing CS Curriculum Effectiveness', 12, 100, 'AY 2024-2025 First Semester', 'Not Published', NULL, NULL),
(17, 'Assessing CS Curriculum Effectiveness', 15, 100, 'AY 2024-2025 First Semester', 'Not Published', NULL, NULL),
(17, 'Assessing CS Curriculum Effectiveness', 19, 100, 'AY 2024-2025 First Semester', 'Not Published', NULL, NULL),
(17, 'Assessing CS Curriculum Effectiveness', 24, 100, 'AY 2024-2025 First Semester', 'Not Published', NULL, NULL),
(17, 'Assessing CS Curriculum Effectiveness', 32, 100, 'AY 2024-2025 First Semester', 'Not Published', NULL, NULL),
(17, 'Assessing CS Curriculum Effectiveness', 38, 100, 'AY 2024-2025 First Semester', 'Not Published', NULL, NULL),
(17, 'Assessing CS Curriculum Effectiveness', 43, 100, 'AY 2024-2025 First Semester', 'Not Published', NULL, NULL),
(17, 'Assessing CS Curriculum Effectiveness', 49, 100, 'AY 2024-2025 First Semester', 'Not Published', NULL, NULL),
(17, 'Assessing CS Curriculum Effectiveness', 56, 100, 'AY 2024-2025 First Semester', 'Not Published', NULL, NULL),
(17, 'Assessing CS Curriculum Effectiveness', 63, 100, 'AY 2024-2025 First Semester', 'Not Published', NULL, NULL),
(17, 'Assessing CS Curriculum Effectiveness', 72, 100, 'AY 2024-2025 First Semester', 'Not Published', NULL, NULL),
(17, 'Assessing CS Curriculum Effectiveness', 87, 100, 'AY 2024-2025 First Semester', 'Not Published', NULL, NULL),
(18, 'Evaluating Student Learning and Support Services in CS', 2, 100, 'AY 2024-2025 First Semester', 'Not Published', NULL, NULL),
(18, 'Evaluating Student Learning and Support Services in CS', 4, 100, 'AY 2024-2025 First Semester', 'Not Published', NULL, NULL),
(18, 'Evaluating Student Learning and Support Services in CS', 8, 100, 'AY 2024-2025 First Semester', 'Not Published', NULL, NULL),
(18, 'Evaluating Student Learning and Support Services in CS', 11, 100, 'AY 2024-2025 First Semester', 'Not Published', NULL, NULL),
(18, 'Evaluating Student Learning and Support Services in CS', 14, 100, 'AY 2024-2025 First Semester', 'Not Published', NULL, NULL),
(18, 'Evaluating Student Learning and Support Services in CS', 20, 100, 'AY 2024-2025 First Semester', 'Not Published', NULL, NULL),
(18, 'Evaluating Student Learning and Support Services in CS', 27, 100, 'AY 2024-2025 First Semester', 'Not Published', NULL, NULL),
(18, 'Evaluating Student Learning and Support Services in CS', 34, 100, 'AY 2024-2025 First Semester', 'Not Published', NULL, NULL),
(18, 'Evaluating Student Learning and Support Services in CS', 41, 100, 'AY 2024-2025 First Semester', 'Not Published', NULL, NULL),
(18, 'Evaluating Student Learning and Support Services in CS', 47, 100, 'AY 2024-2025 First Semester', 'Not Published', NULL, NULL),
(18, 'Evaluating Student Learning and Support Services in CS', 55, 100, 'AY 2024-2025 First Semester', 'Not Published', NULL, NULL),
(18, 'Evaluating Student Learning and Support Services in CS', 60, 100, 'AY 2024-2025 First Semester', 'Not Published', NULL, NULL),
(18, 'Evaluating Student Learning and Support Services in CS', 68, 100, 'AY 2024-2025 First Semester', 'Not Published', NULL, NULL),
(18, 'Evaluating Student Learning and Support Services in CS', 74, 100, 'AY 2024-2025 First Semester', 'Not Published', NULL, NULL),
(18, 'Evaluating Student Learning and Support Services in CS', 88, 100, 'AY 2024-2025 First Semester', 'Not Published', NULL, NULL),
(19, 'Assessing Student Satisfaction and Engagement in Academic Programs', 2, 1, 'AY 2023-2024 First Semester', 'Published', '2023-10-15', '2024-03-31'),
(19, 'Assessing Student Satisfaction and Engagement in Academic Programs', 3, 1, 'AY 2023-2024 First Semester', 'Published', '2023-10-15', '2024-03-31'),
(19, 'Assessing Student Satisfaction and Engagement in Academic Programs', 6, 1, 'AY 2023-2024 First Semester', 'Published', '2023-10-15', '2024-03-31'),
(19, 'Assessing Student Satisfaction and Engagement in Academic Programs', 10, 1, 'AY 2023-2024 First Semester', 'Published', '2023-10-15', '2024-03-31'),
(19, 'Assessing Student Satisfaction and Engagement in Academic Programs', 12, 1, 'AY 2023-2024 First Semester', 'Published', '2023-10-15', '2024-03-31'),
(19, 'Assessing Student Satisfaction and Engagement in Academic Programs', 15, 1, 'AY 2023-2024 First Semester', 'Published', '2023-10-15', '2024-03-31'),
(19, 'Assessing Student Satisfaction and Engagement in Academic Programs', 18, 1, 'AY 2023-2024 First Semester', 'Published', '2023-10-15', '2024-03-31'),
(19, 'Assessing Student Satisfaction and Engagement in Academic Programs', 23, 1, 'AY 2023-2024 First Semester', 'Published', '2023-10-15', '2024-03-31'),
(19, 'Assessing Student Satisfaction and Engagement in Academic Programs', 25, 1, 'AY 2023-2024 First Semester', 'Published', '2023-10-15', '2024-03-31'),
(19, 'Assessing Student Satisfaction and Engagement in Academic Programs', 29, 1, 'AY 2023-2024 First Semester', 'Published', '2023-10-15', '2024-03-31'),
(19, 'Assessing Student Satisfaction and Engagement in Academic Programs', 33, 1, 'AY 2023-2024 First Semester', 'Published', '2023-10-15', '2024-03-31'),
(19, 'Assessing Student Satisfaction and Engagement in Academic Programs', 41, 1, 'AY 2023-2024 First Semester', 'Published', '2023-10-15', '2024-03-31'),
(19, 'Assessing Student Satisfaction and Engagement in Academic Programs', 47, 1, 'AY 2023-2024 First Semester', 'Published', '2023-10-15', '2024-03-31'),
(19, 'Assessing Student Satisfaction and Engagement in Academic Programs', 53, 1, 'AY 2023-2024 First Semester', 'Published', '2023-10-15', '2024-03-31'),
(20, 'Evaluating Overall Program Effectiveness and Curriculum Relevance', 1, 1, 'AY 2023-2024 First Semester', 'Published', '2023-10-16', '2024-03-31'),
(20, 'Evaluating Overall Program Effectiveness and Curriculum Relevance', 8, 1, 'AY 2023-2024 First Semester', 'Published', '2023-10-16', '2024-03-31'),
(20, 'Evaluating Overall Program Effectiveness and Curriculum Relevance', 19, 1, 'AY 2023-2024 First Semester', 'Published', '2023-10-16', '2024-03-31'),
(20, 'Evaluating Overall Program Effectiveness and Curriculum Relevance', 24, 1, 'AY 2023-2024 First Semester', 'Published', '2023-10-16', '2024-03-31'),
(20, 'Evaluating Overall Program Effectiveness and Curriculum Relevance', 27, 1, 'AY 2023-2024 First Semester', 'Published', '2023-10-16', '2024-03-31'),
(20, 'Evaluating Overall Program Effectiveness and Curriculum Relevance', 30, 1, 'AY 2023-2024 First Semester', 'Published', '2023-10-16', '2024-03-31'),
(20, 'Evaluating Overall Program Effectiveness and Curriculum Relevance', 38, 1, 'AY 2023-2024 First Semester', 'Published', '2023-10-16', '2024-03-31'),
(20, 'Evaluating Overall Program Effectiveness and Curriculum Relevance', 44, 1, 'AY 2023-2024 First Semester', 'Published', '2023-10-16', '2024-03-31'),
(20, 'Evaluating Overall Program Effectiveness and Curriculum Relevance', 48, 1, 'AY 2023-2024 First Semester', 'Published', '2023-10-16', '2024-03-31'),
(20, 'Evaluating Overall Program Effectiveness and Curriculum Relevance', 54, 1, 'AY 2023-2024 First Semester', 'Published', '2023-10-16', '2024-03-31'),
(20, 'Evaluating Overall Program Effectiveness and Curriculum Relevance', 60, 1, 'AY 2023-2024 First Semester', 'Published', '2023-10-16', '2024-03-31'),
(20, 'Evaluating Overall Program Effectiveness and Curriculum Relevance', 68, 1, 'AY 2023-2024 First Semester', 'Published', '2023-10-16', '2024-03-31'),
(20, 'Evaluating Overall Program Effectiveness and Curriculum Relevance', 74, 1, 'AY 2023-2024 First Semester', 'Published', '2023-10-16', '2024-03-31'),
(20, 'Evaluating Overall Program Effectiveness and Curriculum Relevance', 82, 1, 'AY 2023-2024 First Semester', 'Published', '2023-10-16', '2024-03-31'),
(21, 'Evaluation of Academic Resources and Student Support Systems', 2, 1, 'AY 2023-2024 First Semester', 'Published', '2023-10-17', '2024-03-31'),
(21, 'Evaluation of Academic Resources and Student Support Systems', 3, 1, 'AY 2023-2024 First Semester', 'Published', '2023-10-17', '2024-03-31'),
(21, 'Evaluation of Academic Resources and Student Support Systems', 6, 1, 'AY 2023-2024 First Semester', 'Published', '2023-10-17', '2024-03-31'),
(21, 'Evaluation of Academic Resources and Student Support Systems', 10, 1, 'AY 2023-2024 First Semester', 'Published', '2023-10-17', '2024-03-31'),
(21, 'Evaluation of Academic Resources and Student Support Systems', 12, 1, 'AY 2023-2024 First Semester', 'Published', '2023-10-17', '2024-03-31'),
(21, 'Evaluation of Academic Resources and Student Support Systems', 15, 1, 'AY 2023-2024 First Semester', 'Published', '2023-10-17', '2024-03-31'),
(21, 'Evaluation of Academic Resources and Student Support Systems', 18, 1, 'AY 2023-2024 First Semester', 'Published', '2023-10-17', '2024-03-31'),
(21, 'Evaluation of Academic Resources and Student Support Systems', 23, 1, 'AY 2023-2024 First Semester', 'Published', '2023-10-17', '2024-03-31'),
(21, 'Evaluation of Academic Resources and Student Support Systems', 25, 1, 'AY 2023-2024 First Semester', 'Published', '2023-10-17', '2024-03-31'),
(21, 'Evaluation of Academic Resources and Student Support Systems', 29, 1, 'AY 2023-2024 First Semester', 'Published', '2023-10-17', '2024-03-31'),
(21, 'Evaluation of Academic Resources and Student Support Systems', 33, 1, 'AY 2023-2024 First Semester', 'Published', '2023-10-17', '2024-03-31'),
(21, 'Evaluation of Academic Resources and Student Support Systems', 41, 1, 'AY 2023-2024 First Semester', 'Published', '2023-10-17', '2024-03-31'),
(21, 'Evaluation of Academic Resources and Student Support Systems', 47, 1, 'AY 2023-2024 First Semester', 'Published', '2023-10-17', '2024-03-31'),
(21, 'Evaluation of Academic Resources and Student Support Systems', 53, 1, 'AY 2023-2024 First Semester', 'Published', '2023-10-17', '2024-03-31'),
(22, 'Understanding Student Needs and Program Improvement Areas', 5, 1, 'AY 2023-2024 First Semester', 'Published', '2023-10-18', '2024-03-31'),
(22, 'Understanding Student Needs and Program Improvement Areas', 7, 1, 'AY 2023-2024 First Semester', 'Published', '2023-10-18', '2024-03-31'),
(22, 'Understanding Student Needs and Program Improvement Areas', 9, 1, 'AY 2023-2024 First Semester', 'Published', '2023-10-18', '2024-03-31'),
(22, 'Understanding Student Needs and Program Improvement Areas', 11, 1, 'AY 2023-2024 First Semester', 'Published', '2023-10-18', '2024-03-31'),
(22, 'Understanding Student Needs and Program Improvement Areas', 13, 1, 'AY 2023-2024 First Semester', 'Published', '2023-10-18', '2024-03-31'),
(22, 'Understanding Student Needs and Program Improvement Areas', 16, 1, 'AY 2023-2024 First Semester', 'Published', '2023-10-18', '2024-03-31'),
(22, 'Understanding Student Needs and Program Improvement Areas', 20, 1, 'AY 2023-2024 First Semester', 'Published', '2023-10-18', '2024-03-31'),
(22, 'Understanding Student Needs and Program Improvement Areas', 22, 1, 'AY 2023-2024 First Semester', 'Published', '2023-10-18', '2024-03-31'),
(22, 'Understanding Student Needs and Program Improvement Areas', 26, 1, 'AY 2023-2024 First Semester', 'Published', '2023-10-18', '2024-03-31'),
(22, 'Understanding Student Needs and Program Improvement Areas', 28, 1, 'AY 2023-2024 First Semester', 'Published', '2023-10-18', '2024-03-31'),
(22, 'Understanding Student Needs and Program Improvement Areas', 32, 1, 'AY 2023-2024 First Semester', 'Published', '2023-10-18', '2024-03-31'),
(22, 'Understanding Student Needs and Program Improvement Areas', 35, 1, 'AY 2023-2024 First Semester', 'Published', '2023-10-18', '2024-03-31'),
(22, 'Understanding Student Needs and Program Improvement Areas', 40, 1, 'AY 2023-2024 First Semester', 'Published', '2023-10-18', '2024-03-31'),
(22, 'Understanding Student Needs and Program Improvement Areas', 45, 1, 'AY 2023-2024 First Semester', 'Published', '2023-10-18', '2024-03-31'),
(23, 'Exploring the Effectiveness of Learning Resources and Campus Facilities', 4, 1, 'AY 2023-2024 First Semester', 'Published', '2023-10-19', '2024-03-31'),
(23, 'Exploring the Effectiveness of Learning Resources and Campus Facilities', 5, 1, 'AY 2023-2024 First Semester', 'Published', '2023-10-19', '2024-03-31'),
(23, 'Exploring the Effectiveness of Learning Resources and Campus Facilities', 10, 1, 'AY 2023-2024 First Semester', 'Published', '2023-10-19', '2024-03-31'),
(23, 'Exploring the Effectiveness of Learning Resources and Campus Facilities', 12, 1, 'AY 2023-2024 First Semester', 'Published', '2023-10-19', '2024-03-31'),
(23, 'Exploring the Effectiveness of Learning Resources and Campus Facilities', 13, 1, 'AY 2023-2024 First Semester', 'Published', '2023-10-19', '2024-03-31'),
(23, 'Exploring the Effectiveness of Learning Resources and Campus Facilities', 16, 1, 'AY 2023-2024 First Semester', 'Published', '2023-10-19', '2024-03-31'),
(23, 'Exploring the Effectiveness of Learning Resources and Campus Facilities', 17, 1, 'AY 2023-2024 First Semester', 'Published', '2023-10-19', '2024-03-31'),
(23, 'Exploring the Effectiveness of Learning Resources and Campus Facilities', 18, 1, 'AY 2023-2024 First Semester', 'Published', '2023-10-19', '2024-03-31'),
(23, 'Exploring the Effectiveness of Learning Resources and Campus Facilities', 21, 1, 'AY 2023-2024 First Semester', 'Published', '2023-10-19', '2024-03-31'),
(23, 'Exploring the Effectiveness of Learning Resources and Campus Facilities', 24, 1, 'AY 2023-2024 First Semester', 'Published', '2023-10-19', '2024-03-31'),
(23, 'Exploring the Effectiveness of Learning Resources and Campus Facilities', 26, 1, 'AY 2023-2024 First Semester', 'Published', '2023-10-19', '2024-03-31'),
(23, 'Exploring the Effectiveness of Learning Resources and Campus Facilities', 29, 1, 'AY 2023-2024 First Semester', 'Published', '2023-10-19', '2024-03-31'),
(23, 'Exploring the Effectiveness of Learning Resources and Campus Facilities', 32, 1, 'AY 2023-2024 First Semester', 'Published', '2023-10-19', '2024-03-31'),
(23, 'Exploring the Effectiveness of Learning Resources and Campus Facilities', 35, 1, 'AY 2023-2024 First Semester', 'Published', '2023-10-19', '2024-03-31');

INSERT INTO `responses`(`studentID`, `questionnaireID`, `responseDate`) 
VALUES
(2230003, 10, '2024-09-15'),
(2234060, 10, '2023-04-09'),
(2234073, 10, '2024-05-08'),
(2233171, 10, '2024-08-13'),
(2230714, 10, '2024-10-29'),
(2191299, 5, '2024-02-18'),
(2191300, 5, '2023-05-04'),
(2191298, 5, '2023-12-05');

INSERT INTO responseAnswer(responseID, answer)
VALUES
(1,  'Agree'),
(1,  'Strongly Agree'),
(1,  'Strongly Disagree'),
(1,  'Strongly Agree'),
(1,  'Strongly Disagree'),
(1,  'Strongly Agree'),
(1,  'Disagree'),
(1,  'Disagree'),
(1,  'Strongly Agree'),
(1,  'Strongly Disagree'),
(1,  'Strongly Disagree'),
(1,  'Strongly Disagree'),
(1,  'Disagree'),
(1,  'Agree'),
(2,  'Strongly Agree'),
(2,  'Strongly Agree'),
(2,  'Agree'),
(2,  'Disagree'),
(2,  'Disagree'),
(2,  'Agree'),
(2,  'Strongly Disagree'),
(2,  'Agree'),
(2,  'Agree'),
(2,  'Agree'),
(2,  'Disagree'),
(2,  'Disagree'),
(2,  'Strongly Disagree'),
(2,  'Disagree'),
(3,  'Disagree'),
(3,  'Strongly Agree'),
(3,  'Disagree'),
(3,  'Strongly Disagree'),
(3,  'Strongly Disagree'),
(3,  'Agree'),
(3,  'Strongly Disagree'),
(3,  'Agree'),
(3,  'Disagree'),
(3,  'Strongly Disagree'),
(3,  'Agree'),
(3,  'Agree'),
(3,  'Strongly Disagree'),
(3,  'Agree'),
(4,  'Disagree'),
(4,  'Agree'),
(4,  'Strongly Disagree'),
(4,  'Agree'),
(4,  'Agree'),
(4,  'Agree'),
(4,  'Strongly Agree'),
(4,  'Disagree'),
(4,  'Strongly Agree'),
(4,  'Strongly Agree'),
(4,  'Strongly Agree'),
(4,  'Disagree'),
(4,  'Strongly Agree'),
(4,  'Strongly Disagree'),
(5, 'Strongly Disagree'),
(5, 'Strongly Agree'),
(5, 'Agree'),
(5, 'Disagree'),
(5, 'Strongly Agree'),
(5, 'Agree'),
(5, 'Agree'),
(5, 'Agree'),
(5, 'Strongly Agree'),
(5, 'Agree'),
(5, 'Disagree'),
(5, 'Disagree'),
(5, 'Strongly Agree'),
(5, 'Strongly Agree'),
(6,'Strongly Disagree'),
(6,'Strongly Disagree'),
(6,'Strongly Disagree'),
(6,'Strongly Disagree'),
(6,'Disagree'),
(6,'Strongly Disagree'),
(6,'Strongly Disagree'),
(6,'Disagree'),
(6,'Strongly Disagree'),
(6, 'Agree'),
(6, 'Strongly Disagree'),
(6, 'Disagree'),
(6, 'Strongly Disagree'),
(6, 'Strongly Disagree'),
(6, 'Agree'),
(7,'Agree'),
(7,'Strongly Agree'),
(7,'Strongly Disagree'),
(7,'Strongly Disagree'),
(7,'Agree'),
(7,'Strongly Disagree'),
(7,'Strongly Disagree'),
(7,'Agree'),
(7,'Agree'),
(7, 'Agree'),
(7, 'Agree'),
(7, 'Agree'),
(7, 'Strongly Agree'),
(7, 'Strongly Agree'),
(7, 'Disagree'),
(8,'Disagree'),
(8,'Strongly Agree'),
(8,'Agree'),
(8,'Strongly Disagree'),
(8,'Strongly Agree'),
(8,'Strongly Disagree'),
(8,'Strongly Agree'),
(8,'Agree'),
(8,'Strongly Disagree'),
(8, 'Strongly Agree'),
(8, 'Agree'),
(8, 'Disagree'),
(8, 'Strongly Agree'),
(8, 'Disagree'),
(8, 'Strongly Disagree');